,Date,Index,Inflation,FedMinWage
0,1913-01-01,9.8,0.0,0.0
1,1913-02-01,9.8,0.0,0.0
2,1913-03-01,9.8,0.0,0.0
3,1913-04-01,9.8,0.0,0.0
4,1913-05-01,9.7,-1.02,0.0
5,1913-06-01,9.8,1.03,0.0
6,1913-07-01,9.9,1.02,0.0
7,1913-08-01,9.9,0.0,0.0
8,1913-09-01,10.0,1.01,0.0
9,1913-10-01,10.0,0.0,0.0
10,1913-11-01,10.1,1.0,0.0
11,1913-12-01,10.0,-0.99,0.0
12,1914-01-01,10.0,0.0,0.0
13,1914-02-01,9.9,-1.0,0.0
14,1914-03-01,9.9,0.0,0.0
15,1914-04-01,9.8,-1.01,0.0
16,1914-05-01,9.9,1.02,0.0
17,1914-06-01,9.9,0.0,0.0
18,1914-07-01,10.0,1.01,0.0
19,1914-08-01,10.2,2.0,0.0
20,1914-09-01,10.2,0.0,0.0
21,1914-10-01,10.1,-0.98,0.0
22,1914-11-01,10.2,0.99,0.0
23,1914-12-01,10.1,-0.98,0.0
24,1915-01-01,10.1,0.0,0.0
25,1915-02-01,10.0,-0.99,0.0
26,1915-03-01,9.9,-1.0,0.0
27,1915-04-01,10.0,1.01,0.0
28,1915-05-01,10.1,1.0,0.0
29,1915-06-01,10.1,0.0,0.0
30,1915-07-01,10.1,0.0,0.0
31,1915-08-01,10.1,0.0,0.0
32,1915-09-01,10.1,0.0,0.0
33,1915-10-01,10.2,0.99,0.0
34,1915-11-01,10.3,0.98,0.0
35,1915-12-01,10.3,0.0,0.0
36,1916-01-01,10.4,0.97,0.0
37,1916-02-01,10.4,0.0,0.0
38,1916-03-01,10.5,0.96,0.0
39,1916-04-01,10.6,0.95,0.0
40,1916-05-01,10.7,0.94,0.0
41,1916-06-01,10.8,0.93,0.0
42,1916-07-01,10.8,0.0,0.0
43,1916-08-01,10.9,0.93,0.0
44,1916-09-01,11.1,1.83,0.0
45,1916-10-01,11.3,1.8,0.0
46,1916-11-01,11.5,1.77,0.0
47,1916-12-01,11.6,0.87,0.0
48,1917-01-01,11.7,0.86,0.0
49,1917-02-01,12.0,2.56,0.0
50,1917-03-01,12.0,0.0,0.0
51,1917-04-01,12.6,5.0,0.0
52,1917-05-01,12.8,1.59,0.0
53,1917-06-01,13.0,1.56,0.0
54,1917-07-01,12.8,-1.54,0.0
55,1917-08-01,13.0,1.56,0.0
56,1917-09-01,13.3,2.31,0.0
57,1917-10-01,13.5,1.5,0.0
58,1917-11-01,13.5,0.0,0.0
59,1917-12-01,13.7,1.48,0.0
60,1918-01-01,14.0,2.19,0.0
61,1918-02-01,14.1,0.71,0.0
62,1918-03-01,14.0,-0.71,0.0
63,1918-04-01,14.2,1.43,0.0
64,1918-05-01,14.5,2.11,0.0
65,1918-06-01,14.7,1.38,0.0
66,1918-07-01,15.1,2.72,0.0
67,1918-08-01,15.4,1.99,0.0
68,1918-09-01,15.7,1.95,0.0
69,1918-10-01,16.0,1.91,0.0
70,1918-11-01,16.3,1.88,0.0
71,1918-12-01,16.5,1.23,0.0
72,1919-01-01,16.5,0.0,0.0
73,1919-02-01,16.2,-1.82,0.0
74,1919-03-01,16.4,1.23,0.0
75,1919-04-01,16.7,1.83,0.0
76,1919-05-01,16.9,1.2,0.0
77,1919-06-01,16.9,0.0,0.0
78,1919-07-01,17.4,2.96,0.0
79,1919-08-01,17.7,1.72,0.0
80,1919-09-01,17.8,0.56,0.0
81,1919-10-01,18.1,1.69,0.0
82,1919-11-01,18.5,2.21,0.0
83,1919-12-01,18.9,2.16,0.0
84,1920-01-01,19.3,2.12,0.0
85,1920-02-01,19.5,1.04,0.0
86,1920-03-01,19.7,1.03,0.0
87,1920-04-01,20.3,3.05,0.0
88,1920-05-01,20.6,1.48,0.0
89,1920-06-01,20.9,1.46,0.0
90,1920-07-01,20.8,-0.48,0.0
91,1920-08-01,20.3,-2.4,0.0
92,1920-09-01,20.0,-1.48,0.0
93,1920-10-01,19.9,-0.5,0.0
94,1920-11-01,19.8,-0.5,0.0
95,1920-12-01,19.4,-2.02,0.0
96,1921-01-01,19.0,-2.06,0.0
97,1921-02-01,18.4,-3.16,0.0
98,1921-03-01,18.3,-0.54,0.0
99,1921-04-01,18.1,-1.09,0.0
100,1921-05-01,17.7,-2.21,0.0
101,1921-06-01,17.6,-0.56,0.0
102,1921-07-01,17.7,0.57,0.0
103,1921-08-01,17.7,0.0,0.0
104,1921-09-01,17.5,-1.13,0.0
105,1921-10-01,17.5,0.0,0.0
106,1921-11-01,17.4,-0.57,0.0
107,1921-12-01,17.3,-0.57,0.0
108,1922-01-01,16.9,-2.31,0.0
109,1922-02-01,16.9,0.0,0.0
110,1922-03-01,16.7,-1.18,0.0
111,1922-04-01,16.7,0.0,0.0
112,1922-05-01,16.7,0.0,0.0
113,1922-06-01,16.7,0.0,0.0
114,1922-07-01,16.8,0.6,0.0
115,1922-08-01,16.6,-1.19,0.0
116,1922-09-01,16.6,0.0,0.0
117,1922-10-01,16.7,0.6,0.0
118,1922-11-01,16.8,0.6,0.0
119,1922-12-01,16.9,0.6,0.0
120,1923-01-01,16.8,-0.59,0.0
121,1923-02-01,16.8,0.0,0.0
122,1923-03-01,16.8,0.0,0.0
123,1923-04-01,16.9,0.6,0.0
124,1923-05-01,16.9,0.0,0.0
125,1923-06-01,17.0,0.59,0.0
126,1923-07-01,17.2,1.18,0.0
127,1923-08-01,17.1,-0.58,0.0
128,1923-09-01,17.2,0.58,0.0
129,1923-10-01,17.3,0.58,0.0
130,1923-11-01,17.3,0.0,0.0
131,1923-12-01,17.3,0.0,0.0
132,1924-01-01,17.3,0.0,0.0
133,1924-02-01,17.2,-0.58,0.0
134,1924-03-01,17.1,-0.58,0.0
135,1924-04-01,17.0,-0.58,0.0
136,1924-05-01,17.0,0.0,0.0
137,1924-06-01,17.0,0.0,0.0
138,1924-07-01,17.1,0.59,0.0
139,1924-08-01,17.0,-0.58,0.0
140,1924-09-01,17.1,0.59,0.0
141,1924-10-01,17.2,0.58,0.0
142,1924-11-01,17.2,0.0,0.0
143,1924-12-01,17.3,0.58,0.0
144,1925-01-01,17.3,0.0,0.0
145,1925-02-01,17.2,-0.58,0.0
146,1925-03-01,17.3,0.58,0.0
147,1925-04-01,17.2,-0.58,0.0
148,1925-05-01,17.3,0.58,0.0
149,1925-06-01,17.5,1.16,0.0
150,1925-07-01,17.7,1.14,0.0
151,1925-08-01,17.7,0.0,0.0
152,1925-09-01,17.7,0.0,0.0
153,1925-10-01,17.7,0.0,0.0
154,1925-11-01,18.0,1.69,0.0
155,1925-12-01,17.9,-0.56,0.0
156,1926-01-01,17.9,0.0,0.0
157,1926-02-01,17.9,0.0,0.0
158,1926-03-01,17.8,-0.56,0.0
159,1926-04-01,17.9,0.56,0.0
160,1926-05-01,17.8,-0.56,0.0
161,1926-06-01,17.7,-0.56,0.0
162,1926-07-01,17.5,-1.13,0.0
163,1926-08-01,17.4,-0.57,0.0
164,1926-09-01,17.5,0.57,0.0
165,1926-10-01,17.6,0.57,0.0
166,1926-11-01,17.7,0.57,0.0
167,1926-12-01,17.7,0.0,0.0
168,1927-01-01,17.5,-1.13,0.0
169,1927-02-01,17.4,-0.57,0.0
170,1927-03-01,17.3,-0.57,0.0
171,1927-04-01,17.3,0.0,0.0
172,1927-05-01,17.4,0.58,0.0
173,1927-06-01,17.6,1.15,0.0
174,1927-07-01,17.3,-1.7,0.0
175,1927-08-01,17.2,-0.58,0.0
176,1927-09-01,17.3,0.58,0.0
177,1927-10-01,17.4,0.58,0.0
178,1927-11-01,17.3,-0.57,0.0
179,1927-12-01,17.3,0.0,0.0
180,1928-01-01,17.3,0.0,0.0
181,1928-02-01,17.1,-1.16,0.0
182,1928-03-01,17.1,0.0,0.0
183,1928-04-01,17.1,0.0,0.0
184,1928-05-01,17.2,0.58,0.0
185,1928-06-01,17.1,-0.58,0.0
186,1928-07-01,17.1,0.0,0.0
187,1928-08-01,17.1,0.0,0.0
188,1928-09-01,17.3,1.17,0.0
189,1928-10-01,17.2,-0.58,0.0
190,1928-11-01,17.2,0.0,0.0
191,1928-12-01,17.1,-0.58,0.0
192,1929-01-01,17.1,0.0,0.0
193,1929-02-01,17.1,0.0,0.0
194,1929-03-01,17.0,-0.58,0.0
195,1929-04-01,16.9,-0.59,0.0
196,1929-05-01,17.0,0.59,0.0
197,1929-06-01,17.1,0.59,0.0
198,1929-07-01,17.3,1.17,0.0
199,1929-08-01,17.3,0.0,0.0
200,1929-09-01,17.3,0.0,0.0
201,1929-10-01,17.3,0.0,0.0
202,1929-11-01,17.3,0.0,0.0
203,1929-12-01,17.2,-0.58,0.0
204,1930-01-01,17.1,-0.58,0.0
205,1930-02-01,17.0,-0.58,0.0
206,1930-03-01,16.9,-0.59,0.0
207,1930-04-01,17.0,0.59,0.0
208,1930-05-01,16.9,-0.59,0.0
209,1930-06-01,16.8,-0.59,0.0
210,1930-07-01,16.6,-1.19,0.0
211,1930-08-01,16.5,-0.6,0.0
212,1930-09-01,16.6,0.61,0.0
213,1930-10-01,16.5,-0.6,0.0
214,1930-11-01,16.4,-0.61,0.0
215,1930-12-01,16.1,-1.83,0.0
216,1931-01-01,15.9,-1.24,0.0
217,1931-02-01,15.7,-1.26,0.0
218,1931-03-01,15.6,-0.64,0.0
219,1931-04-01,15.5,-0.64,0.0
220,1931-05-01,15.3,-1.29,0.0
221,1931-06-01,15.1,-1.31,0.0
222,1931-07-01,15.1,0.0,0.0
223,1931-08-01,15.1,0.0,0.0
224,1931-09-01,15.0,-0.66,0.0
225,1931-10-01,14.9,-0.67,0.0
226,1931-11-01,14.7,-1.34,0.0
227,1931-12-01,14.6,-0.68,0.0
228,1932-01-01,14.3,-2.05,0.0
229,1932-02-01,14.1,-1.4,0.0
230,1932-03-01,14.0,-0.71,0.0
231,1932-04-01,13.9,-0.71,0.0
232,1932-05-01,13.7,-1.44,0.0
233,1932-06-01,13.6,-0.73,0.0
234,1932-07-01,13.6,0.0,0.0
235,1932-08-01,13.5,-0.74,0.0
236,1932-09-01,13.4,-0.74,0.0
237,1932-10-01,13.3,-0.75,0.0
238,1932-11-01,13.2,-0.75,0.0
239,1932-12-01,13.1,-0.76,0.0
240,1933-01-01,12.9,-1.53,0.0
241,1933-02-01,12.7,-1.55,0.0
242,1933-03-01,12.6,-0.79,0.0
243,1933-04-01,12.6,0.0,0.0
244,1933-05-01,12.6,0.0,0.0
245,1933-06-01,12.7,0.79,0.0
246,1933-07-01,13.1,3.15,0.0
247,1933-08-01,13.2,0.76,0.0
248,1933-09-01,13.2,0.0,0.0
249,1933-10-01,13.2,0.0,0.0
250,1933-11-01,13.2,0.0,0.0
251,1933-12-01,13.2,0.0,0.0
252,1934-01-01,13.2,0.0,0.0
253,1934-02-01,13.3,0.76,0.0
254,1934-03-01,13.3,0.0,0.0
255,1934-04-01,13.3,0.0,0.0
256,1934-05-01,13.3,0.0,0.0
257,1934-06-01,13.4,0.75,0.0
258,1934-07-01,13.4,0.0,0.0
259,1934-08-01,13.4,0.0,0.0
260,1934-09-01,13.6,1.49,0.0
261,1934-10-01,13.5,-0.74,0.0
262,1934-11-01,13.5,0.0,0.0
263,1934-12-01,13.4,-0.74,0.0
264,1935-01-01,13.6,1.49,0.0
265,1935-02-01,13.7,0.74,0.0
266,1935-03-01,13.7,0.0,0.0
267,1935-04-01,13.8,0.73,0.0
268,1935-05-01,13.8,0.0,0.0
269,1935-06-01,13.7,-0.72,0.0
270,1935-07-01,13.7,0.0,0.0
271,1935-08-01,13.7,0.0,0.0
272,1935-09-01,13.7,0.0,0.0
273,1935-10-01,13.7,0.0,0.0
274,1935-11-01,13.8,0.73,0.0
275,1935-12-01,13.8,0.0,0.0
276,1936-01-01,13.8,0.0,0.0
277,1936-02-01,13.8,0.0,0.0
278,1936-03-01,13.7,-0.72,0.0
279,1936-04-01,13.7,0.0,0.0
280,1936-05-01,13.7,0.0,0.0
281,1936-06-01,13.8,0.73,0.0
282,1936-07-01,13.9,0.72,0.0
283,1936-08-01,14.0,0.72,0.0
284,1936-09-01,14.0,0.0,0.0
285,1936-10-01,14.0,0.0,0.0
286,1936-11-01,14.0,0.0,0.0
287,1936-12-01,14.0,0.0,0.0
288,1937-01-01,14.1,0.71,0.0
289,1937-02-01,14.1,0.0,0.0
290,1937-03-01,14.2,0.71,0.0
291,1937-04-01,14.3,0.7,0.0
292,1937-05-01,14.4,0.7,0.0
293,1937-06-01,14.4,0.0,0.0
294,1937-07-01,14.5,0.69,0.0
295,1937-08-01,14.5,0.0,0.0
296,1937-09-01,14.6,0.69,0.0
297,1937-10-01,14.6,0.0,0.0
298,1937-11-01,14.5,-0.68,0.0
299,1937-12-01,14.4,-0.69,0.0
300,1938-01-01,14.2,-1.39,0.0
301,1938-02-01,14.1,-0.7,0.0
302,1938-03-01,14.1,0.0,0.0
303,1938-04-01,14.2,0.71,0.0
304,1938-05-01,14.1,-0.7,0.0
305,1938-06-01,14.1,0.0,0.0
306,1938-07-01,14.1,0.0,0.0
307,1938-08-01,14.1,0.0,0.0
308,1938-09-01,14.1,0.0,0.0
309,1938-10-01,14.0,-0.71,0.25
310,1938-11-01,14.0,0.0,0.25
311,1938-12-01,14.0,0.0,0.25
312,1939-01-01,14.0,0.0,0.25
313,1939-02-01,13.9,-0.71,0.25
314,1939-03-01,13.9,0.0,0.25
315,1939-04-01,13.8,-0.72,0.25
316,1939-05-01,13.8,0.0,0.25
317,1939-06-01,13.8,0.0,0.25
318,1939-07-01,13.8,0.0,0.25
319,1939-08-01,13.8,0.0,0.25
320,1939-09-01,14.1,2.17,0.25
321,1939-10-01,14.0,-0.71,0.3
322,1939-11-01,14.0,0.0,0.3
323,1939-12-01,14.0,0.0,0.3
324,1940-01-01,13.9,-0.71,0.3
325,1940-02-01,14.0,0.72,0.3
326,1940-03-01,14.0,0.0,0.3
327,1940-04-01,14.0,0.0,0.3
328,1940-05-01,14.0,0.0,0.3
329,1940-06-01,14.1,0.71,0.3
330,1940-07-01,14.0,-0.71,0.3
331,1940-08-01,14.0,0.0,0.3
332,1940-09-01,14.0,0.0,0.3
333,1940-10-01,14.0,0.0,0.3
334,1940-11-01,14.0,0.0,0.3
335,1940-12-01,14.1,0.71,0.3
336,1941-01-01,14.1,0.0,0.3
337,1941-02-01,14.1,0.0,0.3
338,1941-03-01,14.2,0.71,0.3
339,1941-04-01,14.3,0.7,0.3
340,1941-05-01,14.4,0.7,0.3
341,1941-06-01,14.7,2.08,0.3
342,1941-07-01,14.7,0.0,0.3
343,1941-08-01,14.9,1.36,0.3
344,1941-09-01,15.1,1.34,0.3
345,1941-10-01,15.3,1.32,0.3
346,1941-11-01,15.4,0.65,0.3
347,1941-12-01,15.5,0.65,0.3
348,1942-01-01,15.7,1.29,0.3
349,1942-02-01,15.8,0.64,0.3
350,1942-03-01,16.0,1.27,0.3
351,1942-04-01,16.1,0.63,0.3
352,1942-05-01,16.3,1.24,0.3
353,1942-06-01,16.3,0.0,0.3
354,1942-07-01,16.4,0.61,0.3
355,1942-08-01,16.5,0.61,0.3
356,1942-09-01,16.5,0.0,0.3
357,1942-10-01,16.7,1.21,0.3
358,1942-11-01,16.8,0.6,0.3
359,1942-12-01,16.9,0.6,0.3
360,1943-01-01,16.9,0.0,0.3
361,1943-02-01,16.9,0.0,0.3
362,1943-03-01,17.2,1.78,0.3
363,1943-04-01,17.4,1.16,0.3
364,1943-05-01,17.5,0.57,0.3
365,1943-06-01,17.5,0.0,0.3
366,1943-07-01,17.4,-0.57,0.3
367,1943-08-01,17.3,-0.57,0.3
368,1943-09-01,17.4,0.58,0.3
369,1943-10-01,17.4,0.0,0.3
370,1943-11-01,17.4,0.0,0.3
371,1943-12-01,17.4,0.0,0.3
372,1944-01-01,17.4,0.0,0.3
373,1944-02-01,17.4,0.0,0.3
374,1944-03-01,17.4,0.0,0.3
375,1944-04-01,17.5,0.57,0.3
376,1944-05-01,17.5,0.0,0.3
377,1944-06-01,17.6,0.57,0.3
378,1944-07-01,17.7,0.57,0.3
379,1944-08-01,17.7,0.0,0.3
380,1944-09-01,17.7,0.0,0.3
381,1944-10-01,17.7,0.0,0.3
382,1944-11-01,17.7,0.0,0.3
383,1944-12-01,17.8,0.56,0.3
384,1945-01-01,17.8,0.0,0.3
385,1945-02-01,17.8,0.0,0.3
386,1945-03-01,17.8,0.0,0.3
387,1945-04-01,17.8,0.0,0.3
388,1945-05-01,17.9,0.56,0.3
389,1945-06-01,18.1,1.12,0.3
390,1945-07-01,18.1,0.0,0.3
391,1945-08-01,18.1,0.0,0.3
392,1945-09-01,18.1,0.0,0.3
393,1945-10-01,18.1,0.0,0.4
394,1945-11-01,18.1,0.0,0.4
395,1945-12-01,18.2,0.55,0.4
396,1946-01-01,18.2,0.0,0.4
397,1946-02-01,18.1,-0.55,0.4
398,1946-03-01,18.3,1.1,0.4
399,1946-04-01,18.4,0.55,0.4
400,1946-05-01,18.5,0.54,0.4
401,1946-06-01,18.7,1.08,0.4
402,1946-07-01,19.8,5.88,0.4
403,1946-08-01,20.2,2.02,0.4
404,1946-09-01,20.4,0.99,0.4
405,1946-10-01,20.8,1.96,0.4
406,1946-11-01,21.3,2.4,0.4
407,1946-12-01,21.5,0.94,0.4
408,1947-01-01,21.5,0.0,0.4
409,1947-02-01,21.5,0.0,0.4
410,1947-03-01,21.9,1.86,0.4
411,1947-04-01,21.9,0.0,0.4
412,1947-05-01,21.9,0.0,0.4
413,1947-06-01,22.0,0.46,0.4
414,1947-07-01,22.2,0.91,0.4
415,1947-08-01,22.5,1.35,0.4
416,1947-09-01,23.0,2.22,0.4
417,1947-10-01,23.0,0.0,0.4
418,1947-11-01,23.1,0.43,0.4
419,1947-12-01,23.4,1.3,0.4
420,1948-01-01,23.7,1.28,0.4
421,1948-02-01,23.5,-0.84,0.4
422,1948-03-01,23.4,-0.43,0.4
423,1948-04-01,23.8,1.71,0.4
424,1948-05-01,23.9,0.42,0.4
425,1948-06-01,24.1,0.84,0.4
426,1948-07-01,24.4,1.24,0.4
427,1948-08-01,24.5,0.41,0.4
428,1948-09-01,24.5,0.0,0.4
429,1948-10-01,24.4,-0.41,0.4
430,1948-11-01,24.2,-0.82,0.4
431,1948-12-01,24.1,-0.41,0.4
432,1949-01-01,24.0,-0.41,0.4
433,1949-02-01,23.8,-0.83,0.4
434,1949-03-01,23.8,0.0,0.4
435,1949-04-01,23.9,0.42,0.4
436,1949-05-01,23.8,-0.42,0.4
437,1949-06-01,23.9,0.42,0.4
438,1949-07-01,23.7,-0.84,0.4
439,1949-08-01,23.8,0.42,0.4
440,1949-09-01,23.9,0.42,0.4
441,1949-10-01,23.7,-0.84,0.4
442,1949-11-01,23.8,0.42,0.4
443,1949-12-01,23.6,-0.84,0.4
444,1950-01-01,23.5,-0.42,0.75
445,1950-02-01,23.5,0.0,0.75
446,1950-03-01,23.6,0.43,0.75
447,1950-04-01,23.6,0.0,0.75
448,1950-05-01,23.7,0.42,0.75
449,1950-06-01,23.8,0.42,0.75
450,1950-07-01,24.1,1.26,0.75
451,1950-08-01,24.3,0.83,0.75
452,1950-09-01,24.4,0.41,0.75
453,1950-10-01,24.6,0.82,0.75
454,1950-11-01,24.7,0.41,0.75
455,1950-12-01,25.0,1.21,0.75
456,1951-01-01,25.4,1.6,0.75
457,1951-02-01,25.7,1.18,0.75
458,1951-03-01,25.8,0.39,0.75
459,1951-04-01,25.8,0.0,0.75
460,1951-05-01,25.9,0.39,0.75
461,1951-06-01,25.9,0.0,0.75
462,1951-07-01,25.9,0.0,0.75
463,1951-08-01,25.9,0.0,0.75
464,1951-09-01,26.1,0.77,0.75
465,1951-10-01,26.2,0.38,0.75
466,1951-11-01,26.4,0.76,0.75
467,1951-12-01,26.5,0.38,0.75
468,1952-01-01,26.5,0.0,0.75
469,1952-02-01,26.3,-0.75,0.75
470,1952-03-01,26.3,0.0,0.75
471,1952-04-01,26.4,0.38,0.75
472,1952-05-01,26.4,0.0,0.75
473,1952-06-01,26.5,0.38,0.75
474,1952-07-01,26.7,0.75,0.75
475,1952-08-01,26.7,0.0,0.75
476,1952-09-01,26.7,0.0,0.75
477,1952-10-01,26.7,0.0,0.75
478,1952-11-01,26.7,0.0,0.75
479,1952-12-01,26.7,0.0,0.75
480,1953-01-01,26.6,-0.37,0.75
481,1953-02-01,26.5,-0.38,0.75
482,1953-03-01,26.6,0.38,0.75
483,1953-04-01,26.6,0.0,0.75
484,1953-05-01,26.7,0.38,0.75
485,1953-06-01,26.8,0.37,0.75
486,1953-07-01,26.8,0.0,0.75
487,1953-08-01,26.9,0.37,0.75
488,1953-09-01,26.9,0.0,0.75
489,1953-10-01,27.0,0.37,0.75
490,1953-11-01,26.9,-0.37,0.75
491,1953-12-01,26.9,0.0,0.75
492,1954-01-01,26.9,0.0,0.75
493,1954-02-01,26.9,0.0,0.75
494,1954-03-01,26.9,0.0,0.75
495,1954-04-01,26.8,-0.37,0.75
496,1954-05-01,26.9,0.37,0.75
497,1954-06-01,26.9,0.0,0.75
498,1954-07-01,26.9,0.0,0.75
499,1954-08-01,26.9,0.0,0.75
500,1954-09-01,26.8,-0.37,0.75
501,1954-10-01,26.8,0.0,0.75
502,1954-11-01,26.8,0.0,0.75
503,1954-12-01,26.7,-0.37,0.75
504,1955-01-01,26.7,0.0,0.75
505,1955-02-01,26.7,0.0,0.75
506,1955-03-01,26.7,0.0,0.75
507,1955-04-01,26.7,0.0,0.75
508,1955-05-01,26.7,0.0,0.75
509,1955-06-01,26.7,0.0,0.75
510,1955-07-01,26.8,0.37,0.75
511,1955-08-01,26.8,0.0,0.75
512,1955-09-01,26.9,0.37,0.75
513,1955-10-01,26.9,0.0,0.75
514,1955-11-01,26.9,0.0,0.75
515,1955-12-01,26.8,-0.37,0.75
516,1956-01-01,26.8,0.0,0.75
517,1956-02-01,26.8,0.0,0.75
518,1956-03-01,26.8,0.0,1.0
519,1956-04-01,26.9,0.37,1.0
520,1956-05-01,27.0,0.37,1.0
521,1956-06-01,27.2,0.74,1.0
522,1956-07-01,27.4,0.74,1.0
523,1956-08-01,27.3,-0.36,1.0
524,1956-09-01,27.4,0.37,1.0
525,1956-10-01,27.5,0.36,1.0
526,1956-11-01,27.5,0.0,1.0
527,1956-12-01,27.6,0.36,1.0
528,1957-01-01,27.6,0.0,1.0
529,1957-02-01,27.7,0.36,1.0
530,1957-03-01,27.8,0.36,1.0
531,1957-04-01,27.9,0.36,1.0
532,1957-05-01,28.0,0.36,1.0
533,1957-06-01,28.1,0.36,1.0
534,1957-07-01,28.3,0.71,1.0
535,1957-08-01,28.3,0.0,1.0
536,1957-09-01,28.3,0.0,1.0
537,1957-10-01,28.3,0.0,1.0
538,1957-11-01,28.4,0.35,1.0
539,1957-12-01,28.4,0.0,1.0
540,1958-01-01,28.6,0.7,1.0
541,1958-02-01,28.6,0.0,1.0
542,1958-03-01,28.8,0.7,1.0
543,1958-04-01,28.9,0.35,1.0
544,1958-05-01,28.9,0.0,1.0
545,1958-06-01,28.9,0.0,1.0
546,1958-07-01,29.0,0.35,1.0
547,1958-08-01,28.9,-0.34,1.0
548,1958-09-01,28.9,0.0,1.0
549,1958-10-01,28.9,0.0,1.0
550,1958-11-01,29.0,0.35,1.0
551,1958-12-01,28.9,-0.34,1.0
552,1959-01-01,29.0,0.35,1.0
553,1959-02-01,28.9,-0.34,1.0
554,1959-03-01,28.9,0.0,1.0
555,1959-04-01,29.0,0.35,1.0
556,1959-05-01,29.0,0.0,1.0
557,1959-06-01,29.1,0.34,1.0
558,1959-07-01,29.2,0.34,1.0
559,1959-08-01,29.2,0.0,1.0
560,1959-09-01,29.3,0.34,1.0
561,1959-10-01,29.4,0.34,1.0
562,1959-11-01,29.4,0.0,1.0
563,1959-12-01,29.4,0.0,1.0
564,1960-01-01,29.3,-0.34,1.0
565,1960-02-01,29.4,0.34,1.0
566,1960-03-01,29.4,0.0,1.0
567,1960-04-01,29.5,0.34,1.0
568,1960-05-01,29.5,0.0,1.0
569,1960-06-01,29.6,0.34,1.0
570,1960-07-01,29.6,0.0,1.0
571,1960-08-01,29.6,0.0,1.0
572,1960-09-01,29.6,0.0,1.0
573,1960-10-01,29.8,0.68,1.0
574,1960-11-01,29.8,0.0,1.0
575,1960-12-01,29.8,0.0,1.0
576,1961-01-01,29.8,0.0,1.0
577,1961-02-01,29.8,0.0,1.0
578,1961-03-01,29.8,0.0,1.0
579,1961-04-01,29.8,0.0,1.0
580,1961-05-01,29.8,0.0,1.0
581,1961-06-01,29.8,0.0,1.0
582,1961-07-01,30.0,0.67,1.0
583,1961-08-01,29.9,-0.33,1.0
584,1961-09-01,30.0,0.33,1.15
585,1961-10-01,30.0,0.0,1.15
586,1961-11-01,30.0,0.0,1.15
587,1961-12-01,30.0,0.0,1.15
588,1962-01-01,30.0,0.0,1.15
589,1962-02-01,30.1,0.33,1.15
590,1962-03-01,30.1,0.0,1.15
591,1962-04-01,30.2,0.33,1.15
592,1962-05-01,30.2,0.0,1.15
593,1962-06-01,30.2,0.0,1.15
594,1962-07-01,30.3,0.33,1.15
595,1962-08-01,30.3,0.0,1.15
596,1962-09-01,30.4,0.33,1.15
597,1962-10-01,30.4,0.0,1.15
598,1962-11-01,30.4,0.0,1.15
599,1962-12-01,30.4,0.0,1.15
600,1963-01-01,30.4,0.0,1.15
601,1963-02-01,30.4,0.0,1.15
602,1963-03-01,30.5,0.33,1.15
603,1963-04-01,30.5,0.0,1.15
604,1963-05-01,30.5,0.0,1.15
605,1963-06-01,30.6,0.33,1.15
606,1963-07-01,30.7,0.33,1.15
607,1963-08-01,30.7,0.0,1.15
608,1963-09-01,30.7,0.0,1.25
609,1963-10-01,30.8,0.33,1.25
610,1963-11-01,30.8,0.0,1.25
611,1963-12-01,30.9,0.32,1.25
612,1964-01-01,30.9,0.0,1.25
613,1964-02-01,30.9,0.0,1.25
614,1964-03-01,30.9,0.0,1.25
615,1964-04-01,30.9,0.0,1.25
616,1964-05-01,30.9,0.0,1.25
617,1964-06-01,31.0,0.32,1.25
618,1964-07-01,31.1,0.32,1.25
619,1964-08-01,31.0,-0.32,1.25
620,1964-09-01,31.1,0.32,1.25
621,1964-10-01,31.1,0.0,1.25
622,1964-11-01,31.2,0.32,1.25
623,1964-12-01,31.2,0.0,1.25
624,1965-01-01,31.2,0.0,1.25
625,1965-02-01,31.2,0.0,1.25
626,1965-03-01,31.3,0.32,1.25
627,1965-04-01,31.4,0.32,1.25
628,1965-05-01,31.4,0.0,1.25
629,1965-06-01,31.6,0.64,1.25
630,1965-07-01,31.6,0.0,1.25
631,1965-08-01,31.6,0.0,1.25
632,1965-09-01,31.6,0.0,1.25
633,1965-10-01,31.7,0.32,1.25
634,1965-11-01,31.7,0.0,1.25
635,1965-12-01,31.8,0.32,1.25
636,1966-01-01,31.8,0.0,1.25
637,1966-02-01,32.0,0.63,1.25
638,1966-03-01,32.1,0.31,1.25
639,1966-04-01,32.3,0.62,1.25
640,1966-05-01,32.3,0.0,1.25
641,1966-06-01,32.4,0.31,1.25
642,1966-07-01,32.5,0.31,1.25
643,1966-08-01,32.7,0.62,1.25
644,1966-09-01,32.7,0.0,1.25
645,1966-10-01,32.9,0.61,1.25
646,1966-11-01,32.9,0.0,1.25
647,1966-12-01,32.9,0.0,1.25
648,1967-01-01,32.9,0.0,1.25
649,1967-02-01,32.9,0.0,1.4
650,1967-03-01,33.0,0.3,1.4
651,1967-04-01,33.1,0.3,1.4
652,1967-05-01,33.2,0.3,1.4
653,1967-06-01,33.3,0.3,1.4
654,1967-07-01,33.4,0.3,1.4
655,1967-08-01,33.5,0.3,1.4
656,1967-09-01,33.6,0.3,1.4
657,1967-10-01,33.7,0.3,1.4
658,1967-11-01,33.8,0.3,1.4
659,1967-12-01,33.9,0.3,1.4
660,1968-01-01,34.1,0.59,1.4
661,1968-02-01,34.2,0.29,1.6
662,1968-03-01,34.3,0.29,1.6
663,1968-04-01,34.4,0.29,1.6
664,1968-05-01,34.5,0.29,1.6
665,1968-06-01,34.7,0.58,1.6
666,1968-07-01,34.9,0.58,1.6
667,1968-08-01,35.0,0.29,1.6
668,1968-09-01,35.1,0.29,1.6
669,1968-10-01,35.3,0.57,1.6
670,1968-11-01,35.4,0.28,1.6
671,1968-12-01,35.5,0.28,1.6
672,1969-01-01,35.6,0.28,1.6
673,1969-02-01,35.8,0.56,1.6
674,1969-03-01,36.1,0.84,1.6
675,1969-04-01,36.3,0.55,1.6
676,1969-05-01,36.4,0.28,1.6
677,1969-06-01,36.6,0.55,1.6
678,1969-07-01,36.8,0.55,1.6
679,1969-08-01,37.0,0.54,1.6
680,1969-09-01,37.1,0.27,1.6
681,1969-10-01,37.3,0.54,1.6
682,1969-11-01,37.5,0.54,1.6
683,1969-12-01,37.7,0.53,1.6
684,1970-01-01,37.8,0.27,1.6
685,1970-02-01,38.0,0.53,1.6
686,1970-03-01,38.2,0.53,1.6
687,1970-04-01,38.5,0.79,1.6
688,1970-05-01,38.6,0.26,1.6
689,1970-06-01,38.8,0.52,1.6
690,1970-07-01,39.0,0.52,1.6
691,1970-08-01,39.0,0.0,1.6
692,1970-09-01,39.2,0.51,1.6
693,1970-10-01,39.4,0.51,1.6
694,1970-11-01,39.6,0.51,1.6
695,1970-12-01,39.8,0.51,1.6
696,1971-01-01,39.8,0.0,1.6
697,1971-02-01,39.9,0.25,1.6
698,1971-03-01,40.0,0.25,1.6
699,1971-04-01,40.1,0.25,1.6
700,1971-05-01,40.3,0.5,1.6
701,1971-06-01,40.6,0.74,1.6
702,1971-07-01,40.7,0.25,1.6
703,1971-08-01,40.8,0.25,1.6
704,1971-09-01,40.8,0.0,1.6
705,1971-10-01,40.9,0.25,1.6
706,1971-11-01,40.9,0.0,1.6
707,1971-12-01,41.1,0.49,1.6
708,1972-01-01,41.1,0.0,1.6
709,1972-02-01,41.3,0.49,1.6
710,1972-03-01,41.4,0.24,1.6
711,1972-04-01,41.5,0.24,1.6
712,1972-05-01,41.6,0.24,1.6
713,1972-06-01,41.7,0.24,1.6
714,1972-07-01,41.9,0.48,1.6
715,1972-08-01,42.0,0.24,1.6
716,1972-09-01,42.1,0.24,1.6
717,1972-10-01,42.3,0.48,1.6
718,1972-11-01,42.4,0.24,1.6
719,1972-12-01,42.5,0.24,1.6
720,1973-01-01,42.6,0.24,1.6
721,1973-02-01,42.9,0.7,1.6
722,1973-03-01,43.3,0.93,1.6
723,1973-04-01,43.6,0.69,1.6
724,1973-05-01,43.9,0.69,1.6
725,1973-06-01,44.2,0.68,1.6
726,1973-07-01,44.3,0.23,1.6
727,1973-08-01,45.1,1.81,1.6
728,1973-09-01,45.2,0.22,1.6
729,1973-10-01,45.6,0.88,1.6
730,1973-11-01,45.9,0.66,1.6
731,1973-12-01,46.2,0.65,1.6
732,1974-01-01,46.6,0.87,1.6
733,1974-02-01,47.2,1.29,1.6
734,1974-03-01,47.8,1.27,1.6
735,1974-04-01,48.0,0.42,1.6
736,1974-05-01,48.6,1.25,2.0
737,1974-06-01,49.0,0.82,2.0
738,1974-07-01,49.4,0.82,2.0
739,1974-08-01,50.0,1.21,2.0
740,1974-09-01,50.6,1.2,2.0
741,1974-10-01,51.1,0.99,2.0
742,1974-11-01,51.5,0.78,2.0
743,1974-12-01,51.9,0.78,2.0
744,1975-01-01,52.1,0.39,2.1
745,1975-02-01,52.5,0.77,2.1
746,1975-03-01,52.7,0.38,2.1
747,1975-04-01,52.9,0.38,2.1
748,1975-05-01,53.2,0.57,2.1
749,1975-06-01,53.6,0.75,2.1
750,1975-07-01,54.2,1.12,2.1
751,1975-08-01,54.3,0.18,2.1
752,1975-09-01,54.6,0.55,2.1
753,1975-10-01,54.9,0.55,2.1
754,1975-11-01,55.3,0.73,2.1
755,1975-12-01,55.5,0.36,2.1
756,1976-01-01,55.6,0.18,2.3
757,1976-02-01,55.8,0.36,2.3
758,1976-03-01,55.9,0.18,2.3
759,1976-04-01,56.1,0.36,2.3
760,1976-05-01,56.5,0.71,2.3
761,1976-06-01,56.8,0.53,2.3
762,1976-07-01,57.1,0.53,2.3
763,1976-08-01,57.4,0.53,2.3
764,1976-09-01,57.6,0.35,2.3
765,1976-10-01,57.9,0.52,2.3
766,1976-11-01,58.0,0.17,2.3
767,1976-12-01,58.2,0.34,2.3
768,1977-01-01,58.5,0.52,2.3
769,1977-02-01,59.1,1.03,2.3
770,1977-03-01,59.5,0.68,2.3
771,1977-04-01,60.0,0.84,2.3
772,1977-05-01,60.3,0.5,2.3
773,1977-06-01,60.7,0.66,2.3
774,1977-07-01,61.0,0.49,2.3
775,1977-08-01,61.2,0.33,2.3
776,1977-09-01,61.4,0.33,2.3
777,1977-10-01,61.6,0.33,2.3
778,1977-11-01,61.9,0.49,2.3
779,1977-12-01,62.1,0.32,2.3
780,1978-01-01,62.5,0.64,2.65
781,1978-02-01,62.9,0.64,2.65
782,1978-03-01,63.4,0.79,2.65
783,1978-04-01,63.9,0.79,2.65
784,1978-05-01,64.5,0.94,2.65
785,1978-06-01,65.2,1.09,2.65
786,1978-07-01,65.7,0.77,2.65
787,1978-08-01,66.0,0.46,2.65
788,1978-09-01,66.5,0.76,2.65
789,1978-10-01,67.1,0.9,2.65
790,1978-11-01,67.4,0.45,2.65
791,1978-12-01,67.7,0.45,2.65
792,1979-01-01,68.3,0.89,2.9
793,1979-02-01,69.1,1.17,2.9
794,1979-03-01,69.8,1.01,2.9
795,1979-04-01,70.6,1.15,2.9
796,1979-05-01,71.5,1.27,2.9
797,1979-06-01,72.3,1.12,2.9
798,1979-07-01,73.1,1.11,2.9
799,1979-08-01,73.8,0.96,2.9
800,1979-09-01,74.6,1.08,2.9
801,1979-10-01,75.2,0.8,2.9
802,1979-11-01,75.9,0.93,2.9
803,1979-12-01,76.7,1.05,2.9
804,1980-01-01,77.8,1.43,3.1
805,1980-02-01,78.9,1.41,3.1
806,1980-03-01,80.1,1.52,3.1
807,1980-04-01,81.0,1.12,3.1
808,1980-05-01,81.8,0.99,3.1
809,1980-06-01,82.7,1.1,3.1
810,1980-07-01,82.7,0.0,3.1
811,1980-08-01,83.3,0.73,3.1
812,1980-09-01,84.0,0.84,3.1
813,1980-10-01,84.8,0.95,3.1
814,1980-11-01,85.5,0.83,3.1
815,1980-12-01,86.3,0.94,3.1
816,1981-01-01,87.0,0.81,3.35
817,1981-02-01,87.9,1.03,3.35
818,1981-03-01,88.5,0.68,3.35
819,1981-04-01,89.1,0.68,3.35
820,1981-05-01,89.8,0.79,3.35
821,1981-06-01,90.6,0.89,3.35
822,1981-07-01,91.6,1.1,3.35
823,1981-08-01,92.3,0.76,3.35
824,1981-09-01,93.2,0.98,3.35
825,1981-10-01,93.4,0.21,3.35
826,1981-11-01,93.7,0.32,3.35
827,1981-12-01,94.0,0.32,3.35
828,1982-01-01,94.3,0.32,3.35
829,1982-02-01,94.6,0.32,3.35
830,1982-03-01,94.5,-0.11,3.35
831,1982-04-01,94.9,0.42,3.35
832,1982-05-01,95.8,0.95,3.35
833,1982-06-01,97.0,1.25,3.35
834,1982-07-01,97.5,0.52,3.35
835,1982-08-01,97.7,0.21,3.35
836,1982-09-01,97.9,0.2,3.35
837,1982-10-01,98.2,0.31,3.35
838,1982-11-01,98.0,-0.2,3.35
839,1982-12-01,97.6,-0.41,3.35
840,1983-01-01,97.8,0.2,3.35
841,1983-02-01,97.9,0.1,3.35
842,1983-03-01,97.9,0.0,3.35
843,1983-04-01,98.6,0.72,3.35
844,1983-05-01,99.2,0.61,3.35
845,1983-06-01,99.5,0.3,3.35
846,1983-07-01,99.9,0.4,3.35
847,1983-08-01,100.2,0.3,3.35
848,1983-09-01,100.7,0.5,3.35
849,1983-10-01,101.0,0.3,3.35
850,1983-11-01,101.2,0.2,3.35
851,1983-12-01,101.3,0.1,3.35
852,1984-01-01,101.9,0.59,3.35
853,1984-02-01,102.4,0.49,3.35
854,1984-03-01,102.6,0.2,3.35
855,1984-04-01,103.1,0.49,3.35
856,1984-05-01,103.4,0.29,3.35
857,1984-06-01,103.7,0.29,3.35
858,1984-07-01,104.1,0.39,3.35
859,1984-08-01,104.5,0.38,3.35
860,1984-09-01,105.0,0.48,3.35
861,1984-10-01,105.3,0.29,3.35
862,1984-11-01,105.3,0.0,3.35
863,1984-12-01,105.3,0.0,3.35
864,1985-01-01,105.5,0.19,3.35
865,1985-02-01,106.0,0.47,3.35
866,1985-03-01,106.4,0.38,3.35
867,1985-04-01,106.9,0.47,3.35
868,1985-05-01,107.3,0.37,3.35
869,1985-06-01,107.6,0.28,3.35
870,1985-07-01,107.8,0.19,3.35
871,1985-08-01,108.0,0.19,3.35
872,1985-09-01,108.3,0.28,3.35
873,1985-10-01,108.7,0.37,3.35
874,1985-11-01,109.0,0.28,3.35
875,1985-12-01,109.3,0.28,3.35
876,1986-01-01,109.6,0.27,3.35
877,1986-02-01,109.3,-0.27,3.35
878,1986-03-01,108.8,-0.46,3.35
879,1986-04-01,108.6,-0.18,3.35
880,1986-05-01,108.9,0.28,3.35
881,1986-06-01,109.5,0.55,3.35
882,1986-07-01,109.5,0.0,3.35
883,1986-08-01,109.7,0.18,3.35
884,1986-09-01,110.2,0.46,3.35
885,1986-10-01,110.3,0.09,3.35
886,1986-11-01,110.4,0.09,3.35
887,1986-12-01,110.5,0.09,3.35
888,1987-01-01,111.2,0.63,3.35
889,1987-02-01,111.6,0.36,3.35
890,1987-03-01,112.1,0.45,3.35
891,1987-04-01,112.7,0.54,3.35
892,1987-05-01,113.1,0.35,3.35
893,1987-06-01,113.5,0.35,3.35
894,1987-07-01,113.8,0.26,3.35
895,1987-08-01,114.4,0.53,3.35
896,1987-09-01,115.0,0.52,3.35
897,1987-10-01,115.3,0.26,3.35
898,1987-11-01,115.4,0.09,3.35
899,1987-12-01,115.4,0.0,3.35
900,1988-01-01,115.7,0.26,3.35
901,1988-02-01,116.0,0.26,3.35
902,1988-03-01,116.5,0.43,3.35
903,1988-04-01,117.1,0.52,3.35
904,1988-05-01,117.5,0.34,3.35
905,1988-06-01,118.0,0.43,3.35
906,1988-07-01,118.5,0.42,3.35
907,1988-08-01,119.0,0.42,3.35
908,1988-09-01,119.8,0.67,3.35
909,1988-10-01,120.2,0.33,3.35
910,1988-11-01,120.3,0.08,3.35
911,1988-12-01,120.5,0.17,3.35
912,1989-01-01,121.1,0.5,3.35
913,1989-02-01,121.6,0.41,3.35
914,1989-03-01,122.3,0.58,3.35
915,1989-04-01,123.1,0.65,3.35
916,1989-05-01,123.8,0.57,3.35
917,1989-06-01,124.1,0.24,3.35
918,1989-07-01,124.4,0.24,3.35
919,1989-08-01,124.6,0.16,3.35
920,1989-09-01,125.0,0.32,3.35
921,1989-10-01,125.6,0.48,3.35
922,1989-11-01,125.9,0.24,3.35
923,1989-12-01,126.1,0.16,3.35
924,1990-01-01,127.4,1.03,3.35
925,1990-02-01,128.0,0.47,3.35
926,1990-03-01,128.7,0.55,3.35
927,1990-04-01,128.9,0.16,3.8
928,1990-05-01,129.2,0.23,3.8
929,1990-06-01,129.9,0.54,3.8
930,1990-07-01,130.4,0.38,3.8
931,1990-08-01,131.6,0.92,3.8
932,1990-09-01,132.7,0.84,3.8
933,1990-10-01,133.5,0.6,3.8
934,1990-11-01,133.8,0.22,3.8
935,1990-12-01,133.8,0.0,3.8
936,1991-01-01,134.6,0.6,3.8
937,1991-02-01,134.8,0.15,3.8
938,1991-03-01,135.0,0.15,3.8
939,1991-04-01,135.2,0.15,4.25
940,1991-05-01,135.6,0.3,4.25
941,1991-06-01,136.0,0.29,4.25
942,1991-07-01,136.2,0.15,4.25
943,1991-08-01,136.6,0.29,4.25
944,1991-09-01,137.2,0.44,4.25
945,1991-10-01,137.4,0.15,4.25
946,1991-11-01,137.8,0.29,4.25
947,1991-12-01,137.9,0.07,4.25
948,1992-01-01,138.1,0.15,4.25
949,1992-02-01,138.6,0.36,4.25
950,1992-03-01,139.3,0.51,4.25
951,1992-04-01,139.5,0.14,4.25
952,1992-05-01,139.7,0.14,4.25
953,1992-06-01,140.2,0.36,4.25
954,1992-07-01,140.5,0.21,4.25
955,1992-08-01,140.9,0.28,4.25
956,1992-09-01,141.3,0.28,4.25
957,1992-10-01,141.8,0.35,4.25
958,1992-11-01,142.0,0.14,4.25
959,1992-12-01,141.9,-0.07,4.25
960,1993-01-01,142.6,0.49,4.25
961,1993-02-01,143.1,0.35,4.25
962,1993-03-01,143.6,0.35,4.25
963,1993-04-01,144.0,0.28,4.25
964,1993-05-01,144.2,0.14,4.25
965,1993-06-01,144.4,0.14,4.25
966,1993-07-01,144.4,0.0,4.25
967,1993-08-01,144.8,0.28,4.25
968,1993-09-01,145.1,0.21,4.25
969,1993-10-01,145.7,0.41,4.25
970,1993-11-01,145.8,0.07,4.25
971,1993-12-01,145.8,0.0,4.25
972,1994-01-01,146.2,0.27,4.25
973,1994-02-01,146.7,0.34,4.25
974,1994-03-01,147.2,0.34,4.25
975,1994-04-01,147.4,0.14,4.25
976,1994-05-01,147.5,0.07,4.25
977,1994-06-01,148.0,0.34,4.25
978,1994-07-01,148.4,0.27,4.25
979,1994-08-01,149.0,0.4,4.25
980,1994-09-01,149.4,0.27,4.25
981,1994-10-01,149.5,0.07,4.25
982,1994-11-01,149.7,0.13,4.25
983,1994-12-01,149.7,0.0,4.25
984,1995-01-01,150.3,0.4,4.25
985,1995-02-01,150.9,0.4,4.25
986,1995-03-01,151.4,0.33,4.25
987,1995-04-01,151.9,0.33,4.25
988,1995-05-01,152.2,0.2,4.25
989,1995-06-01,152.5,0.2,4.25
990,1995-07-01,152.5,0.0,4.25
991,1995-08-01,152.9,0.26,4.25
992,1995-09-01,153.2,0.2,4.25
993,1995-10-01,153.7,0.33,4.25
994,1995-11-01,153.6,-0.07,4.25
995,1995-12-01,153.5,-0.07,4.25
996,1996-01-01,154.4,0.59,4.25
997,1996-02-01,154.9,0.32,4.25
998,1996-03-01,155.7,0.52,4.25
999,1996-04-01,156.3,0.39,4.25
1000,1996-05-01,156.6,0.19,4.25
1001,1996-06-01,156.7,0.06,4.25
1002,1996-07-01,157.0,0.19,4.25
1003,1996-08-01,157.3,0.19,4.25
1004,1996-09-01,157.8,0.32,4.25
1005,1996-10-01,158.3,0.32,4.75
1006,1996-11-01,158.6,0.19,4.75
1007,1996-12-01,158.6,0.0,4.75
1008,1997-01-01,159.1,0.32,4.75
1009,1997-02-01,159.6,0.31,4.75
1010,1997-03-01,160.0,0.25,4.75
1011,1997-04-01,160.2,0.12,4.75
1012,1997-05-01,160.1,-0.06,4.75
1013,1997-06-01,160.3,0.12,4.75
1014,1997-07-01,160.5,0.12,4.75
1015,1997-08-01,160.8,0.19,4.75
1016,1997-09-01,161.2,0.25,5.15
1017,1997-10-01,161.6,0.25,5.15
1018,1997-11-01,161.5,-0.06,5.15
1019,1997-12-01,161.3,-0.12,5.15
1020,1998-01-01,161.6,0.19,5.15
1021,1998-02-01,161.9,0.19,5.15
1022,1998-03-01,162.2,0.19,5.15
1023,1998-04-01,162.5,0.18,5.15
1024,1998-05-01,162.8,0.18,5.15
1025,1998-06-01,163.0,0.12,5.15
1026,1998-07-01,163.2,0.12,5.15
1027,1998-08-01,163.4,0.12,5.15
1028,1998-09-01,163.6,0.12,5.15
1029,1998-10-01,164.0,0.24,5.15
1030,1998-11-01,164.0,0.0,5.15
1031,1998-12-01,163.9,-0.06,5.15
1032,1999-01-01,164.3,0.24,5.15
1033,1999-02-01,164.5,0.12,5.15
1034,1999-03-01,165.0,0.3,5.15
1035,1999-04-01,166.2,0.73,5.15
1036,1999-05-01,166.2,0.0,5.15
1037,1999-06-01,166.2,0.0,5.15
1038,1999-07-01,166.7,0.3,5.15
1039,1999-08-01,167.1,0.24,5.15
1040,1999-09-01,167.9,0.48,5.15
1041,1999-10-01,168.2,0.18,5.15
1042,1999-11-01,168.3,0.06,5.15
1043,1999-12-01,168.3,0.0,5.15
1044,2000-01-01,168.8,0.3,5.15
1045,2000-02-01,169.8,0.59,5.15
1046,2000-03-01,171.2,0.82,5.15
1047,2000-04-01,171.3,0.06,5.15
1048,2000-05-01,171.5,0.12,5.15
1049,2000-06-01,172.4,0.52,5.15
1050,2000-07-01,172.8,0.23,5.15
1051,2000-08-01,172.8,0.0,5.15
1052,2000-09-01,173.7,0.52,5.15
1053,2000-10-01,174.0,0.17,5.15
1054,2000-11-01,174.1,0.06,5.15
1055,2000-12-01,174.0,-0.06,5.15
1056,2001-01-01,175.1,0.63,5.15
1057,2001-02-01,175.8,0.4,5.15
1058,2001-03-01,176.2,0.23,5.15
1059,2001-04-01,176.9,0.4,5.15
1060,2001-05-01,177.7,0.45,5.15
1061,2001-06-01,178.0,0.17,5.15
1062,2001-07-01,177.5,-0.28,5.15
1063,2001-08-01,177.5,0.0,5.15
1064,2001-09-01,178.3,0.45,5.15
1065,2001-10-01,177.7,-0.34,5.15
1066,2001-11-01,177.4,-0.17,5.15
1067,2001-12-01,176.7,-0.39,5.15
1068,2002-01-01,177.1,0.23,5.15
1069,2002-02-01,177.8,0.4,5.15
1070,2002-03-01,178.8,0.56,5.15
1071,2002-04-01,179.8,0.56,5.15
1072,2002-05-01,179.8,0.0,5.15
1073,2002-06-01,179.9,0.06,5.15
1074,2002-07-01,180.1,0.11,5.15
1075,2002-08-01,180.7,0.33,5.15
1076,2002-09-01,181.0,0.17,5.15
1077,2002-10-01,181.3,0.17,5.15
1078,2002-11-01,181.3,0.0,5.15
1079,2002-12-01,180.9,-0.22,5.15
1080,2003-01-01,181.7,0.44,5.15
1081,2003-02-01,183.1,0.77,5.15
1082,2003-03-01,184.2,0.6,5.15
1083,2003-04-01,183.8,-0.22,5.15
1084,2003-05-01,183.5,-0.16,5.15
1085,2003-06-01,183.7,0.11,5.15
1086,2003-07-01,183.9,0.11,5.15
1087,2003-08-01,184.6,0.38,5.15
1088,2003-09-01,185.2,0.33,5.15
1089,2003-10-01,185.0,-0.11,5.15
1090,2003-11-01,184.5,-0.27,5.15
1091,2003-12-01,184.3,-0.11,5.15
1092,2004-01-01,185.2,0.49,5.15
1093,2004-02-01,186.2,0.54,5.15
1094,2004-03-01,187.4,0.64,5.15
1095,2004-04-01,188.0,0.32,5.15
1096,2004-05-01,189.1,0.59,5.15
1097,2004-06-01,189.7,0.32,5.15
1098,2004-07-01,189.4,-0.16,5.15
1099,2004-08-01,189.5,0.05,5.15
1100,2004-09-01,189.9,0.21,5.15
1101,2004-10-01,190.9,0.53,5.15
1102,2004-11-01,191.0,0.05,5.15
1103,2004-12-01,190.3,-0.37,5.15
1104,2005-01-01,190.7,0.21,5.15
1105,2005-02-01,191.8,0.58,5.15
1106,2005-03-01,193.3,0.78,5.15
1107,2005-04-01,194.6,0.67,5.15
1108,2005-05-01,194.4,-0.1,5.15
1109,2005-06-01,194.5,0.05,5.15
1110,2005-07-01,195.4,0.46,5.15
1111,2005-08-01,196.4,0.51,5.15
1112,2005-09-01,198.8,1.22,5.15
1113,2005-10-01,199.2,0.2,5.15
1114,2005-11-01,197.6,-0.8,5.15
1115,2005-12-01,196.8,-0.4,5.15
1116,2006-01-01,198.3,0.76,5.15
1117,2006-02-01,198.7,0.2,5.15
1118,2006-03-01,199.8,0.55,5.15
1119,2006-04-01,201.5,0.85,5.15
1120,2006-05-01,202.5,0.5,5.15
1121,2006-06-01,202.9,0.2,5.15
1122,2006-07-01,203.5,0.3,5.15
1123,2006-08-01,203.9,0.2,5.15
1124,2006-09-01,202.9,-0.49,5.15
1125,2006-10-01,201.8,-0.54,5.15
1126,2006-11-01,201.5,-0.15,5.15
1127,2006-12-01,201.8,0.15,5.15
1128,2007-01-01,202.416,0.31,5.15
1129,2007-02-01,203.49900000000002,0.54,5.15
1130,2007-03-01,205.352,0.91,5.15
1131,2007-04-01,206.68599999999998,0.65,5.15
1132,2007-05-01,207.949,0.61,5.15
1133,2007-06-01,208.352,0.19,5.15
1134,2007-07-01,208.299,-0.03,5.85
1135,2007-08-01,207.917,-0.18,5.85
1136,2007-09-01,208.49,0.28,5.85
1137,2007-10-01,208.93599999999998,0.21,5.85
1138,2007-11-01,210.17700000000002,0.59,5.85
1139,2007-12-01,210.03599999999997,-0.07,5.85
1140,2008-01-01,211.08,0.5,5.85
1141,2008-02-01,211.69299999999998,0.29,5.85
1142,2008-03-01,213.528,0.87,5.85
1143,2008-04-01,214.82299999999998,0.61,5.85
1144,2008-05-01,216.632,0.84,5.85
1145,2008-06-01,218.815,1.01,5.85
1146,2008-07-01,219.96400000000003,0.53,6.55
1147,2008-08-01,219.08599999999998,-0.4,6.55
1148,2008-09-01,218.783,-0.14,6.55
1149,2008-10-01,216.57299999999998,-1.01,6.55
1150,2008-11-01,212.425,-1.92,6.55
1151,2008-12-01,210.22799999999998,-1.03,6.55
1152,2009-01-01,211.143,0.44,6.55
1153,2009-02-01,212.19299999999998,0.5,6.55
1154,2009-03-01,212.709,0.24,6.55
1155,2009-04-01,213.24,0.25,6.55
1156,2009-05-01,213.856,0.29,6.55
1157,2009-06-01,215.69299999999998,0.86,6.55
1158,2009-07-01,215.351,-0.16,7.25
1159,2009-08-01,215.834,0.22,7.25
1160,2009-09-01,215.96900000000002,0.06,7.25
1161,2009-10-01,216.17700000000002,0.1,7.25
1162,2009-11-01,216.33,0.07,7.25
1163,2009-12-01,215.949,-0.18,7.25
1164,2010-01-01,216.687,0.34,7.25
1165,2010-02-01,216.74099999999999,0.02,7.25
1166,2010-03-01,217.63099999999997,0.41,7.25
1167,2010-04-01,218.00900000000001,0.17,7.25
1168,2010-05-01,218.178,0.08,7.25
1169,2010-06-01,217.965,-0.1,7.25
1170,2010-07-01,218.011,0.02,7.25
1171,2010-08-01,218.312,0.14,7.25
1172,2010-09-01,218.43900000000002,0.06,7.25
1173,2010-10-01,218.71099999999998,0.12,7.25
1174,2010-11-01,218.803,0.04,7.25
1175,2010-12-01,219.179,0.17,7.25
1176,2011-01-01,220.22299999999998,0.48,7.25
1177,2011-02-01,221.30900000000003,0.49,7.25
1178,2011-03-01,223.467,0.98,7.25
1179,2011-04-01,224.90599999999998,0.64,7.25
1180,2011-05-01,225.96400000000003,0.47,7.25
1181,2011-06-01,225.722,-0.11,7.25
1182,2011-07-01,225.922,0.09,7.25
1183,2011-08-01,226.545,0.28,7.25
1184,2011-09-01,226.889,0.15,7.25
1185,2011-10-01,226.421,-0.21,7.25
1186,2011-11-01,226.23,-0.08,7.25
1187,2011-12-01,225.672,-0.25,7.25
1188,2012-01-01,226.665,0.44,7.25
1189,2012-02-01,227.66299999999998,0.44,7.25
1190,2012-03-01,229.392,0.76,7.25
1191,2012-04-01,230.085,0.3,7.25
1192,2012-05-01,229.815,-0.12,7.25
1193,2012-06-01,229.47799999999998,-0.15,7.25
1194,2012-07-01,229.104,-0.16,7.25
1195,2012-08-01,230.37900000000002,0.56,7.25
1196,2012-09-01,231.407,0.45,7.25
1197,2012-10-01,231.317,-0.04,7.25
1198,2012-11-01,230.22099999999998,-0.47,7.25
1199,2012-12-01,229.601,-0.27,7.25
1200,2013-01-01,230.28,0.3,7.25
1201,2013-02-01,232.166,0.82,7.25
1202,2013-03-01,232.773,0.26,7.25
1203,2013-04-01,232.53099999999998,-0.1,7.25
1204,2013-05-01,232.945,0.18,7.25
1205,2013-06-01,233.50400000000002,0.24,7.25
1206,2013-07-01,233.59599999999998,0.04,7.25
1207,2013-08-01,233.877,0.12,7.25
1208,2013-09-01,234.149,0.12,7.25
1209,2013-10-01,233.546,-0.26,7.25
1210,2013-11-01,233.06900000000002,-0.2,7.25
1211,2013-12-01,233.049,-0.01,7.25
1212,2014-01-01,233.916,0.37,7.25
